id,title,address.cityName,address.postNumber,address.streetName,address.houseNumber,friendlyName,friendlyCode,status,numOfChargePoints,accessType,landOwner.id,landOwner.name,locationRoaming,landOwner
27613,,Dundalk,A91 C896,Cargotec Ireland Limited,2,"EasyGo - CargoTec, Louth",IE*EGO0001,1,1,1,392,Cargotec Ltd,,
58452,,Cavan,H12 KV20,Dublin Road,Kyte Powertech,"EasyGo - CG Power Systems, Cavan",IE*EGO0002,1,1,1,436,CG Power Systems Ltd,,
66266,,Mullaghard,C15 NP79,Kells Road,0,EasyGo - Xtratherm Limited,IE*EGO0008,1,1,4,,,,
57261,,Castlereagh,BT6 9SD,Lisnabreeny Road,20,"EasyGo - SONI, Belfast Office",IE*EGO0009,1,3,1,415,Eirgrid,,
53890,,Ballsbridge,D04 C2Y6,CRAMPTON AVENUE,3 SHELBOURNE BUILDIN,"EasyGo - Eirgrid, The Oval, Dublin Office",IE*EGO0010,1,2,4,415,Eirgrid,,
59006,,Nangor Road,D22 V8F8,East Link Carpark,Pfizer,"EasyGo - Pfizer, Grangecastle East Link Car Park",IE*EGO0011,1,3,4,3032,Pfizer Grangecastle,,
59007,,Grangecastle,D22 V8F8,"Pfizer, West Link Car Park",1,"EasyGo - Pfizer, Grangecastle West Link Car Park",IE*EGO0012,1,12,4,3032,Pfizer Grangecastle,,
68470,,Dublin,K67 W2V9,"Food Central,",1,"EasyGo - Glan Aris, Dublin",IE*EGO0014,1,1,4,498,Glan Aris,,
72653,,Douglas,T12 X6NR,Douglas Village,Shopping Centre,"EasyGo - Douglas Village Shopping Centre, Cork",IE*EGO0015,1,2,4,525,Douglas Shopping Centre,,
104039,,Newbridge,W12 HX57,Littleconnell,Pfizer,"EasyGo - Pfizer, Newbridge, Co. Kildare",IE*EGO0016,1,9,1,3320,Pfizer Newbridge,,
73909,,Ennis,V95 W560,Lee's Road,Sports Park,"EasyGo - John O'Sullivan Park, Ennis,",IE*EGO0018,1,2,1,528,Clare County Council,,
73910,,Ennis,V95 CFA0,Tim Smythe Park,Active Ennis,"EasyGo - Active Ennis Leisure Complex , Ennis",IE*EGO0019,1,1,1,528,Clare County Council,,
73911,,Ennis,V95 T048,Lifford Road,Thomond Lodge,"EasyGo - Dalys Road, Ennis",IE*EGO0020,1,1,1,528,Clare County Council,,
73912,,Ennis,V95 DXP2,Clare County Council Office,1,EasyGo - Clare County Council Offices,IE*EGO0021,1,1,1,528,Clare County Council,,
73929,,Dooradoyle,V94 HF8C,Dooradoyle Road,16,EasyGo - Limerick City & County Council,IE*EGO0022,1,1,1,530,Limerick City & County Council,,
71254,,Townparks,P25 FR64,Mill Road,Supervalu,"EasyGo - SuperValu, Hurley's, Midleton, Cork",IE*EGO0023,1,1,4,780,Musgraves,,
125173,"125173: EasyGo - Lyrath Estate Hotel, Kilkenny",Kilkenny,R95 T8W8,Lyrath,Lyrath House,"EasyGo - Lyrath Estate Hotel, Kilkenny",IE*EGO0024,1,2,4,762,Lyrath Hotel,,
73927,,Piltown,E32 F744,Main Road,Centra,"EasyGo - Centra, Pilltown, Kilkenny",IE*EGO0025,1,1,1,780,Musgraves,,
76575,,Mallow,P51 DT91,Spa Glen,Centra,"EasyGo - Centra, O' Mahony's, Mallow, Cork",IE*EGO0026,1,1,4,780,Musgraves,,
127928,,Ballyphehane,T12 TN99,Musgrave House,Musgrave Group,"EasyGo - Musgraves Head Office, Cork",IE*EGO0028,1,8,4,780,Musgraves,,
100957,,Glenageary,A96 AD99,Pearse Road,10,"EasyGo - Aldi, Sallynoggin, Dublin",IE*EGO0030,1,2,4,3297,Aldi Ireland Ltd,,
81409,,Glenageary,A96 V0P6,Cois Coille,2,"EasyGo - Eurofound, Dublin",IE*EGO0031,1,7,4,560,Eurofound,,
107573,,Dunboyne,A86 DH52,Saint Mary's Court,6,"EasyGo - SuperValu, Dunboyne, Co. Meath",IE*EGO0033,1,1,4,780,Musgraves,,
98003,,Carrigtohill,T45 AV60,IDA Business Park,GE Healthcare,"EasyGo - GE, Cork",IE*EGO0034,1,0,4,611,GE Pharma,,
98011,,Killinierin,Y25 A728,Community Centre (New Building),Kilanerin,"EasyGo(O) - Kilanerin Community Centre, Wexford",IE*EGO0035,1,1,4,2761,Kilanerin Community Centre,,
105378,,Wicklow,A67 FW96,Station Road,County Buildings,EasyGo - Wicklow County Council Offices,IE*EGO0036,1,10,4,643,wicklow county council,,
151110,,Wellpark Road,H91 K020,Muirview Industrial Estate,Thermo King Europe,"EasyGo - Thermo King, Trane Technologies International Ltd (Group 1), Galway",IE*EGO0037,1,2,4,,,,
130825,,Westpark Business Campus,V14 PV26,Shannon,4000,"EasyGo - FGPO Ireland Limited Partnership 6 (Campus), Co.Clare",IE*EGO0038,1,6,4,3310,FGPO,,
134689,"134689: EasyGo - KRA, Network Enterprise Park, Co.Wicklow",Ballycrone,A63 XR96,Network Enterprise Park,E11A,"EasyGo - KRA, Network Enterprise Park, Co.Wicklow",IE*EGO0041,1,2,4,928,KRA Partners,,
134916,,Castlerea,F45 K271,Henry Byrne Road,IDA Business Park,"EasyGo - Harmac Medical, Co. Roscommon",IE*EGO0042,1,1,4,875,Harmac Medical,,
138870,,Churchtown,Y34 KD93,Hook Lighthouse,1,"EasyGo - Hook Lighthouse, Co.Wexford",IE*EGO0043,1,1,4,,,,
140341,,Dublin,D08 XW7X,Cork Street,Coombe Women & Infan,"EasyGo - The Coombe Hospital, Dublin",IE*EGO0045,1,3,4,896,The Coombe Hospital,,
143402,,Athy,R14 FY90,Dublin Road,Clanard Court Hotel,"EasyGo(O) - Clanard Court Hotel, Athy",IE*EGO0060,1,2,4,902,Clanard Court Hotel,,
156258,,Athlone,N37RF70,Athlone Business & Tech Park,IDA Ireland,"EasyGo - IDA Industrial Estate, Athlone",IE*EGO0064,1,6,1,3311,IDA,,
158917,,Fox-And-Geese,D12 V065,Naas Road,Harris Group,"EasyGo - Harris Hino, Dublin",IE*EGO0069,1,2,4,1067,Harris Hino,,
159969,,County Dublin,D02 XC83,Fenian Street,19,EasyGo - PSI Dublin,IE*EGO0084,1,2,4,1095,PSI,,
161804,,Ballina,F26 V6E4,Moyvalley Business Park,Unit 2-4,"EasyGo - RSA Ballina, Co.Mayo",IE*EGO0086,1,1,1,3325,RSA,,
163734,163734: EasyGo - ABEC Co. Wicklow,Arklow,Y14 T440,Kilbride Industrial Estate,Arklow Business Cent,EasyGo - ABEC Co. Wicklow,IE*EGO0090,1,2,4,1243,ABEC,,
163739,,Ballinasloe,H53 RH48,Laurencetown,Laurencetown Communi,"EasyGo - Laurencetown Community School, Ballinasloe",IE*EGO0091,1,1,1,2195,Laurencetown Community School,,
163740,,Murroe,V94 HC84,Garranbane,Glenstal Abbey,"EasyGo - Glenstal Abbey Operations, Co.Limerick",IE*EGO0092,1,4,4,2769,Glenstal Abbey,,
162669,,Rinville West,H91 R673,Renville Village,1,EasyGo - Marine Institute Galway,IE*EGO0093,1,1,4,3317,Marine Institute,,
95452,,Monaghan,H18 Y220,Coolshannagh,Four Seasons Hotel &,"EasyGo(O)  - Four Seasons Hotel, Monaghan",IE*EGO0096,1,1,4,1356,Four Seasons Monaghan,,
169896,,Athy,R14 DX94,Dublin Road,Athy Primary Care,EasyGo - Athy Health Care,IE*EGO0097,1,1,4,3301,Athy Health Care,,
171006,,Dublin,D04 E7K5,Shelbourne Road,160,"EasyGo - Orix Aviation, Dublin",IE*EGO0098,1,3,1,2194,Orix Aviation,,
171012,,Ballyphehane,T12 WC6V,Tory Top Road,Ballyphehane Centre,"EasyGo - Ballyphehane Community Centre, Cork",IE*EGO0099,1,1,4,1400,Ballyphehane Community Center,,
58559,Lidl Fleet IE - Full Lidl Charger Whitelist for Global Drivers,Rathfarnham,D16 PH21,Grange Road Retail Park,Lidl,"EasyGo - Lidl, Rathfarnham, Dublin",IE*EGO0100,1,2,4,327,"Lidl, Ireland",,
64794,Lidl Fleet IE - Full Lidl Charger Whitelist for Global Drivers,Glenageary,A96 V2Y6,Sallynoggin Road,Lidl,"EasyGo - Lidl, Glenageary, Dublin",IE*EGO0101,1,1,4,327,"Lidl, Ireland",,
64795,Lidl Fleet IE - Full Lidl Charger Whitelist for Global Drivers,Fortunestown,D24 XR74,Fortunestown Lane,1,"EasyGo - Lidl, Fortunestown, Dublin",IE*EGO0102,1,1,4,327,"Lidl, Ireland",,
65002,Lidl Fleet IE - Full Lidl Charger Whitelist for Global Drivers,Nenagh,E45 TP86,Martyr's Road,Lidl,"EasyGo - Lidl, Nenagh, Co. Tipperary",IE*EGO0103,1,1,4,327,"Lidl, Ireland",,
71193,Lidl Fleet IE - Full Lidl Charger Whitelist for Global Drivers,Virginia,A82 R6W4,Ballyjamesduff Road,Lidl,"EasyGo - Lidl, Virginia, Co. Cavan",IE*EGO0105,1,1,4,327,"Lidl, Ireland",,
69936,Lidl Fleet IE - Full Lidl Charger Whitelist for Global Drivers,Cartron,F91 VY0Y,Finisklin Road,3,"EasyGo - Lidl, Finisklin Road, Sligo",IE*EGO0106,1,1,4,327,"Lidl, Ireland",,
72638,Lidl Fleet IE - Full Lidl Charger Whitelist for Global Drivers,Tullamore,R35 V023,Arbutus Court,14,"EasyGo - Lidl, Tullamore Co.Offaly",IE*EGO0107,1,1,4,327,"Lidl, Ireland",,
78008,Lidl Fleet IE - Full Lidl Charger Whitelist for Global Drivers,Tallaght,D24 N5XV,Main Rd,24,"EasyGo - Lidl, Tallaght, Dublin",IE*EGO0108,1,1,4,327,"Lidl, Ireland",,
78758,Lidl Fleet IE - Full Lidl Charger Whitelist for Global Drivers,Castleknock,D15 NC2P,Castleknock Park,116,"EasyGo - Lidl, Castleknock, Dublin",IE*EGO0110,1,1,4,327,"Lidl, Ireland",,
78022,Lidl Fleet IE - Full Lidl Charger Whitelist for Global Drivers,Birr,R42 YN52,Tullamore Road,Lidl,"EasyGo - Lidl, Birr, Co. Offaly",IE*EGO0111,1,1,4,327,"Lidl, Ireland",,
80236,Lidl Fleet IE - Full Lidl Charger Whitelist for Global Drivers,Glasheen,T12 EK7H,Bishopstown Road,1,"EasyGo - Lidl, Wilton, Co Cork",IE*EGO0113,1,1,4,327,"Lidl, Ireland",,
120912,Lidl Fleet IE - Full Lidl Charger Whitelist for Global Drivers,North Dock,D03 V9X3,East Wall Road,110,"EasyGo - Lidl East Wall, Dublin",IE*EGO0114,1,1,4,327,"Lidl, Ireland",,
85242,Lidl Fleet IE - Full Lidl Charger Whitelist for Global Drivers,Swords,K67 E6A2,Dublin Road,Lidl,"EasyGo - Lidl, Miltonsfields, Swords, Co. Dublin",IE*EGO0116,1,1,4,327,"Lidl, Ireland",,
52373,Lidl Fleet IE - Full Lidl Charger Whitelist for Global Drivers,Limerick,V94 TN29,Childers Road,29,"EasyGo - Lidl Limerick, Childers Road",IE*EGO0117,1,1,4,327,"Lidl, Ireland",,
67242,Lidl Fleet IE - Full Lidl Charger Whitelist for Global Drivers,Gorey,Y25 PK20,Arklow Road,Lidl,"EasyGo - Lidl, Gorey, Co. Wexford",IE*EGO0118,1,1,4,327,"Lidl, Ireland",,
123713,Lidl Fleet IE - Full Lidl Charger Whitelist for Global Drivers,Cabra East,D07 NH97,Cabra Drive,Lidl Cabra,"EasyGo - Lidl, Cabra, Dublin",IE*EGO0119,1,1,4,327,"Lidl, Ireland",,
121135,Lidl Fleet IE - Full Lidl Charger Whitelist for Global Drivers,Greencloyne,P36 HH76,Mill Road,15,"EasyGo - Lidl, Youghal",IE*EGO0120,1,1,4,327,"Lidl, Ireland",,
100956,Lidl Fleet IE - Full Lidl Charger Whitelist for Global Drivers,Kingswood,D24 V2VW,Cookstown Road,Belgard Complex,"EasyGo - Lidl, Belgard Rd, Tallaght",IE*EGO0121,1,1,4,327,"Lidl, Ireland",,
136132,Lidl Fleet IE - Full Lidl Charger Whitelist for Global Drivers,Tuam,H54 F799,Galway Road,Lidl,"EasyGo - Lidl, Tuam, Co. Galway",IE*EGO0122,1,1,4,327,"Lidl, Ireland",,
123733,Lidl Fleet IE - Full Lidl Charger Whitelist for Global Drivers,Shankill,D18 AW22,Shanganagh Road,Lidl,"EasyGo - Lidl, Shankill, Dublin",IE*EGO0123,1,1,4,327,"Lidl, Ireland",,
157238,Lidl Fleet IE - Full Lidl Charger Whitelist for Global Drivers,Kildare,R51 AV63,Curragh Road,Lidl,"EasyGo - Lidl Magee Barracks, Co.Kildare",IE*EGO0124,1,1,4,327,"Lidl, Ireland",,
162681,Lidl Fleet IE - Full Lidl Charger Whitelist for Global Drivers,Drumcondra,D09 Y880,Upper Drumcondra Road,110,"EasyGo - Lidl Drumcondra, Dublin",IE*EGO0125,1,1,4,327,"Lidl, Ireland",,
192199,Lidl Fleet IE - Full Lidl Charger Whitelist for Global Drivers,Ballymun,D11 WRN8,Coultry Gardens,29,"EasyGo - Lidl Ballymun, Dublin",IE*EGO0126,1,1,4,327,"Lidl, Ireland",,
163103,Lidl Fleet IE - Full Lidl Charger Whitelist for Global Drivers,Drogheda,A92 YX97,Retail Park,M1,"EasyGo - Lidl Drogheda, Co.Louth",IE*EGO0127,1,1,4,327,"Lidl, Ireland",,
163215,Lidl Fleet IE - Full Lidl Charger Whitelist for Global Drivers,Rath-Healy,P61 PH30,Courthouse Road,2,"EasyGo - Lidl Fermoy, Co.Cork",IE*EGO0128,1,1,4,327,"Lidl, Ireland",,
880279,,Wellpark Road,H91 K020,Muirview Industrial Estate,Thermo King Europe,"EasyGo - Thermo King, Trane Technologies International Ltd (Group 2 R&D), Galway",IE*EGO0129,1,3,4,,,,
180443,180443: EasyGo - Roscommon County Council (Public),Church Road,F42 VR98,Aras an chontae,Roscommon Council,EasyGo - Roscommon County Council (Public),IE*EGO0147,1,2,4,1503,Roscommon County Council,,
184781,Lidl Fleet IE - Full Lidl Charger Whitelist for Global Drivers,Drumlonagher,F94 FW18,Ballybofey Road,Lidl,"EasyGo - Lidl, Donegal Town",IE*EGO0149,1,1,4,327,"Lidl, Ireland",,
170061,,Dublin,D11 X2NC,St Margaret's Road,Decathlon,"EasyGo - Decathlon, Ballymun, Dublin",IE*EGO0151,1,10,4,1388,Decathlon Ireland,,
190068,Lidl Fleet IE - Full Lidl Charger Whitelist for Global Drivers,Tobermaclugg,K78 W5X2,Shackleton Vale,6,"EasyGo - Lidl Adamstown, Co.Dublin",IE*EGO0154,1,1,4,327,"Lidl, Ireland",,
195567,Lidl Fleet IE - Full Lidl Charger Whitelist for Global Drivers,Enniscorthy,Y21 V208,Bellefield,Lidl,EasyGo - Lidl Enniscorthy,IE*EGO0155,1,1,4,327,"Lidl, Ireland",,
197540,Lidl Fleet IE - Full Lidl Charger Whitelist for Global Drivers,Bluepool,P51 NX40,Bluepool Lower,35,"EasyGo - Lidl Kanturk, Co.Cork",IE*EGO0156,1,1,4,327,"Lidl, Ireland",,
198889,Lidl Fleet IE - Full Lidl Charger Whitelist for Global Drivers,Gully,P72 ET72,O'Mahoney Avenue,Lidl,"EasyGo - Lidl Bandon, Co.Cork",IE*EGO0157,1,1,4,327,"Lidl, Ireland",,
199166,Lidl Fleet IE - Full Lidl Charger Whitelist for Global Drivers,Clonsilla,D15 H588,Larch Grove,Lidl,"EasyGo - Lidl Clonsilla, Dublin",IE*EGO0159,1,1,4,327,"Lidl, Ireland",,
206347,,Ballymun,D11 FW18,St. Margarets Road,Ikea,"EasyGo - Ikea Ballymun, Dublin",IE*EGO0162,1,2,4,1734,Ikea,,
210277,Lidl Fleet IE - Full Lidl Charger Whitelist for Global Drivers,Tallaght,D24 PW6K,Main Road,Lidl Head Office,"EasyGo - Lidl Head Office Staff Parking, Dublin",IE*EGO0164,1,15,4,327,"Lidl, Ireland",,
213756,Lidl Fleet IE - Full Lidl Charger Whitelist for Global Drivers,Moneybeg,R21 Y292,Royal Oak Road,Lidl,"EasyGo - Lidl Bagnelstown, Co.Carlow",IE*EGO0166,1,1,4,327,"Lidl, Ireland",,
213757,Lidl Fleet IE - Full Lidl Charger Whitelist for Global Drivers,Castletroy,V94 VPT7,Dublin Road,Lidl,"EasyGo - Lidl Castletroy, Limerick",IE*EGO0167,1,1,4,327,"Lidl, Ireland",,
213758,Lidl Fleet IE - Full Lidl Charger Whitelist for Global Drivers,Garryvicleheen,E41 W524,Slievenamnon Road,Lidl,EasyGo - Lidl Thurles,IE*EGO0168,1,1,4,327,"Lidl, Ireland",,
215486,,Grand Canal Dock,D02 F840,Mount Street Lower,17,"EasyGo - Mount Street Lower, Dublin",IE*EGO0171,1,3,4,1795,Kinvara PL,,
151106,Lidl Fleet IE - Full Lidl Charger Whitelist for Global Drivers,Drogheda,A92 HF25,Donore Road,Lidl,"EasyGo - Lidl, Drogheda Donore Road",IE*EGO0172,1,1,4,327,"Lidl, Ireland",,
234815,,Newport,F28 PF65,Furnace,Marine Insitute,EasyGo - Marine Institute Newport Co Mayo,IE*EGO0178,1,1,4,3317,Marine Institute,,
234814,,Drumbaun,F91 VY45,Curry,Yeats County,"EasyGo - Yeats Country Inn, Co.Sligo",IE*EGO0179,1,2,4,1912,Yeats Country Inn,,
235175,,Ballingarrane South,E91 X0N7,Cahir Road,Clonmel Park Hotel,EasyGo(O)  - Talbot Hotel Clonmel,IE*EGO0184,1,2,4,2905,Talbot Hotel Group,,
239485,,Clonshagh,K67 X3H5,Clonshaugh Road,Clayton Hotel,EasyGo - Clayton Airport Hotel Dublin,IE*EGO0186,1,6,4,1976,Clayton Airport Hotel,,
239486,,Killarney,V93 V9WF,Countess Road,13,"EasyGo - Killarney Avenue Hotel, Co.Kerry",IE*EGO0187,1,1,4,3314,Killarney Hotels,,
239489,,Killarney,V93 X3VW,Kenmare Place,Killarney Hotel Plaz,"EasyGo - Killarney Plaza Hotel, Co.Kerry",IE*EGO0191,1,2,4,3314,Killarney Hotels,,
239590,239590: EasyGo(O)  - Longford County Council Offices,Deanscurragh,N39 NH56,Great Water Street,38,EasyGo(O)  - Longford County Council Offices,IE*EGO0192,1,2,4,1979,Longford County Council,,
239599,,Killashee,W91 DC98,Killashee View,Kilashee House,"EasyGo(O)  - Kilashee House, Co.Kildare",IE*EGO0193,1,2,4,1983,Kilashee House,,
240500,,Brideswell Commons,D22 V6Y6,Fonthill Road South,1,"EasyGo - Maldron Hotel Newlands Cross, Dublin",IE*EGO0194,1,2,4,3165,Dalata Hotel Group,,
241290,,Galway,H91 P03H,Old Dublin Road,The Connacht Hotel,"EasyGo - Connacht Hotel, Galway City",IE*EGO0197,1,2,4,2017,Connacht Hotel,,
2232449,,Ballingarrane South,E91 X0N7,Cahir Road,Clonmel Park Hotel,EasyGo(O) - DC Talbot Hotel Clonmel,IE*EGO0198,1,1,4,2905,Talbot Hotel Group,,
246018,,Thomastown,R95 E096,Mount Juliet,Mount Juliet Estate,"EasyGo - Mount Juliet Hotel, Kilkenny",IE*EGO0199,1,2,4,2091,Mount Juliet Estate,,
246765,,Lusk,K45 AY66,Oberstown Children Detention Centre,Irish Prison Service,EasyGo - Oberstown Detention Centre,IE*EGO0200,1,2,4,2097,Oberstown Detention Center,,
246991,,Dún Laoghaire,A96 KW32,Harbour Square,Harbour View,"EasyGo - Harbour View, Crofton Road, Co.Dublin",IE*EGO0201,1,2,4,2120,Harbour View,,
248757,,Gallanstown,D12 V4AC,Oak Road,Dublin Mails Center,EasyGo - An Post DMC,IE*EGO0205,1,1,4,464,An Post,,
250621,250621: EasyGo - Shaws Portlaoise,Knockmay,R32 EF65,Mountrath Road,Shaws Head Office,EasyGo - Shaws Portlaoise,IE*EGO0206,1,2,4,2165,Shaw's Department Stores,,
253130,Lidl Fleet IE - Full Lidl Charger Whitelist for Global Drivers,Knockballynameath,V94CF80,Corbally Road,Lidl,"EasyGo - Lidl Corbally, Limerick",IE*EGO0210,1,1,4,327,"Lidl, Ireland",,
254249,Lidl Fleet IE - Full Lidl Charger Whitelist for Global Drivers,Ballyvolane,T23 T0F6,Ashgrove Villas,Lidl,"EasyGo - Lidl Ballyvolane, Cork",IE*EGO0211,1,1,4,327,"Lidl, Ireland",,
254560,,Sutton North,D13 T8K1,Howth,Deerpark Golf,"EasyGo(O)  - Deerpark Golf Club, Dublin",IE*EGO0212,1,2,1,2765,Deerpark Golf Club,,
254856,,Jigginstown,W91 HFW5,Naas Retail Park,Starbucks,EasyGo(O)  - Starbucks Naas,IE*EGO0214,1,2,4,2766,Starbucks,,
256106,,Harold's Cross,D6W HH74,Saint Clare's Avenue,13,"EasyGo - Our Lady's Hospice Harolds Cross, Dublin",IE*EGO0215,1,2,4,2767,Our Lady's Hospice Harolds Cross,,
256607,,Kilminchy,R32 NV9Y,Dublin Road,Downeys Auto Stop,"EasyGo - Downeys Auto Stop, Co.Laois",IE*EGO0217,1,1,4,2285,Downeys Auto Stop,,
257269,,Templeogue,D6W FW59,Orwell Park View,Faughs GAA,"EasyGo(O)  - Faughs GAA Club, Dublin",IE*EGO0218,1,2,4,3309,Faughs GAA Club,,
259856,,Teergonean,V95 DE2X,Rivervale,Hotel Doolin,EasyGo(O)  - Hotel Doolin,IE*EGO0220,1,1,4,2768,Hotel Doolin,,
260558,,Bunnow,V95 CKD5,Quin Road,Kerry Agribusiness,"EasyGo - Kerry Agribusiness, Co.Clare",IE*EGO0223,1,1,4,2320,Kerry Agribusiness,,
263422,,Dough,V95 Y9PR,Promenade,Seaworld Lahinch,"EasyGo -  Seaworld Lahinch, Co.Clare",IE*EGO0229,1,1,4,2363,Seaworld Lahinch,,
267146,,Loughrea,H62 NH51,Bride Street,RSA,"EasyGo - RSA Loughrea, Galway",IE*EGO0232,1,1,1,3325,RSA,,
285638,,Enniscorthy,Y21 T8W7,Quarry Park,Primary Care Centre,EasyGo - Enniscorthy Health Care,IE*EGO0237,1,3,4,2548,Primary Care Enniscorthy,,
333077,,Limerick,V94 C97A,Steamboat Quay,Clayton Hotel,EasyGo - Clayton Hotel Limerick,IE*EGO0241,1,2,4,3165,Dalata Hotel Group,,
333164,,Kilmovee,F45 VX51,Saint Michaels,Kilmovee Community C,"EasyGo - Kilmovee Community Centre, Co.Mayo",IE*EGO0242,1,1,4,2764,Kilmovee Community Centre,,
335054,,Carrownageelaun,F45 WD83,Meadow Brook,Digi-Hub,"EasyGo - Tulsk Digi-Hub, Co.Roscommon",IE*EGO0243,1,2,4,2763,Tulsk Digi-Hub,,
346310,,Nenagh,E45 KV08,John's Lane Car Park,John's Lane Car Park,"EasyGo - St. John's Lane, Co.Tipperary",IE*EGO0245,1,2,4,2719,Tipperary County Council,,
346311,,Ferrybank South,Y35 A6P8,Abbey Street,Clayton Hotel,EasyGo - Whites Of Wexford,IE*EGO0246,1,2,4,3165,Dalata Hotel Group,,
346907,"346907: EasyGo - J.A Boland & Son's, Co.Wexford",Ferrybank,Y35 RH73,Burgess,J.A Boland & Son's,"EasyGo - J.A Boland & Son's, Co.Wexford",IE*EGO0247,1,4,4,2762,J.A Boland & Son's,,
364105,,Barry More,N37 XR82,Roscommon Road,Hodson Bay Hotel,"EasyGo - Hodson Bay Hotel, Co.Roscommon",IE*EGO0253,1,2,4,2753,Hodson Bay Hotel,,
364107,,Athlone,N37 XC62,Gleeson Street,Sheraton Athlone Hot,EasyGo - Sheraton Athlone Hotel,IE*EGO0254,1,2,4,2754,Sheraton Hotel Athlone,,
364112,,Galway,H91 W295,Salthill Road,Galway Bay Hotel,EasyGo - Galway Bay Hotel,IE*EGO0255,1,2,4,2752,Galway Bay Hotel,,
384333,,Pollamore Far,H12 DX03,Dublin Road,Cavan Autoparc,"EasyGo - Cavan Autoparc, Co.Cavan",IE*EGO0256,1,2,4,2780,Cavan Autoparc,,
396054,,Ballynacarrig,A67 EW81,Potters Point,50N,"EasyGo - Potters Point, Co.Wicklow",IE*EGO0257,1,8,4,2807,Potters Point,,
519608,,Enniskerry,A98 DR12,Powerscourt Estate,Powerscourt Hotel,"EasyGo(O) - Powerscourt Hotel, Co.Wicklow",IE*EGO0266,1,3,4,3318,MHL Hotel Group,,
478992,,Little Island,T45 WF53,Ditchley House,Radisson Blu Hotel &,EasyGo(O)  - Radisson Blu Hotel & Spa Cork,IE*EGO0268,1,5,4,3312,iNua Hotel Group,,
555725,,Cork,T23 E244,Silver Springs,Clayton Hotel,"EasyGo - Clayton Hotel Silver Springs, Cork",IE*EGO0269,1,2,4,3165,Dalata Hotel Group,,
559909,,Galway,H91 XD8K,Bushypark,Glenlo Abbey Hotel &,"EasyGo(O) - Glenlo Abbey Hotel & Estate, Galway",IE*EGO0270,1,4,4,3318,MHL Hotel Group,,
562951,,Spiddle West,H91 A271,Spiddal,Spiddal Caravan and ,"EasyGo(O)  - Spiddal Caravan & Camping Park, Co.Galway",IE*EGO0272,1,2,4,3326,Spiddal Caravan & Camping Park,,
562966,,Saint Catherine's,D08 YPP9,Taylor's Lane,Guinness Enterprise ,"EasyGo - Guinness Enterprise Centre, Dublin",IE*EGO0273,1,2,4,2914,Guinness Enterprise Centre,,
562967,,Galway,H91 D526,Monivea Road,Clayton Hotel,EasyGo - Clayton Hotel Galway,IE*EGO0274,1,2,4,3165,Dalata Hotel Group,,
584205,,Galway,H91 ET6N,Sandy Road,Maldron Hotel,"EasyGo - Maldron Sandy Road, Galway",IE*EGO0277,1,2,4,3165,Dalata Hotel Group,,
584239,,Galway,H91 CYN3,"Lough Atalia Rd, Galway,",Galmont Hotel,"EasyGo(O)  - Galmont Hotel & Spa, Galway",IE*EGO0282,1,4,4,3318,MHL Hotel Group,,
597124,,Dublin,D04 P3C3,Simmonscourt Road,Clayton Hotel,"EasyGo - Clayton Hotel Ballsbridge, Dublin",IE*EGO0284,1,3,4,3165,Dalata Hotel Group,,
597126,,Castletroy,V94 TRW8,Plassey Park Road,Hamilton House 1,"EasyGo - Plassey Business Campus, Co.Limerick",IE*EGO0285,1,6,4,2985,Plassey Business Campus,,
611741,,Ferrybank South,Y35 CD71,Paul Quay,2,"EasyGo(O)  - Talbot Suites at Stonebridge, Wexford",IE*EGO0288,1,4,4,2905,Talbot Hotel Group,,
611744,"611744: EasyGo(O)  - Fitzpatrick's Castle Hotel, Co.Dublin",Killiney,A96 N125,Killiney Hill Rd,Fitzpatrick's Castle,"EasyGo(O)  - Fitzpatrick's Castle Hotel, Co.Dublin",IE*EGO0290,1,4,4,3258,Fitzpatricks Castle Hotel,,
611747,,Whitewell,Y35 FP9P,Trinity Street,Talbot Hotel,EasyGo(O)  - Talbot Hotel Wexford,IE*EGO0292,1,4,4,2905,Talbot Hotel Group,,
636741,,Irishtown,A98 CD36,Southern Cross Road,Takeda,"EasyGo - Takeda (Private - staff only), Co.Wicklow",IE*EGO0294,1,10,1,3037,Takeda,,
700179,,Galway,H91H29F,Taylor's Hill Road,1,"EasyGo(O) - The Ardilaun Hotel, Taylor's Hill Rd, Galway",IE*EGO0297,1,2,4,3299,Ardilaun Hotel,,
708427,"708427: EasyGo(O) - Talbot Hotel, Stillorgan",Blackrock,A94 V6K5,Stillorgan Road,1,"EasyGo(O) - Talbot Hotel, Stillorgan",IE*EGO0298,1,2,4,2905,Talbot Hotel Group,,
708428,,Nenagh,E45 F627,Ballinderry,1,"EasyGo - Ballinderry SportsField, Nenagh",IE*EGO0299,1,2,4,3410,Ballinderry Sports Field,,
756025,,The Docks,H91 E9PR,Bothar Na nDuganna,1,EasyGo(O) - Harbour Hotel Galway,IE*EGO0300,1,2,4,3318,MHL Hotel Group,,
756848,,Ennis,V94 03F2,Ennis Road,1,EasyGo(O) - Strand Hotel Limerick,IE*EGO0301,1,3,4,3318,MHL Hotel Group,,
757054,,Galway,H91 CX7A,Monivea Road,1,"EasyGo - Crown Square Car Park, Galway",IE*EGO0302,1,5,4,3411,Crown Square,,
825522,,Carlow,R93 Y504,Sleaty Road,Talbot Hotel,EasyGo(O) - Talbot Hotel Carlow,IE*EGO0307,1,2,4,2905,Talbot Hotel Group,,
829155,,Galway,H91 T9C4,Prospect Hill,80,EasyGo - The Dean Galway,IE*EGO0308,1,5,4,3329,The Dean,,
832132,,Middleton,P25 AX67,Old Cork Road,Middleton Park Hotel,EasyGo(O) - Middleton Park Hotel Cork,IE*EGO0311,1,4,4,2905,Talbot Hotel Group,,
841640,,Limerick,V94 EDP4,Roxboro Road,Maldron Hotel,"EasyGo - Maldron Hotel, Limerick",IE*EGO0312,1,2,4,,,,
841641,,Dublin,D22 X4W6,Fonthill Road,Clayton Hotel,"EasyGo - Clayton Hotel Liffey Valley, Dublin",IE*EGO0313,1,2,4,,,,
841642,,Dublin,D04 A318,Sussex Road,Clayton Hotel,"EasyGo - Clayton Hotel Burlington Road, Dublin",IE*EGO0314,1,2,4,,,,
842093,Lidl Fleet IE - Full Lidl Charger Whitelist for Global Drivers,Tallaght,D24 PW6K,Main Road,Lidl Head Office,"EasyGo - Lidl Head Office Staff Parking (Underground), Dublin",IE*EGO0315,1,71,4,327,"Lidl, Ireland",,
842772,Lidl Fleet IE - Full Lidl Charger Whitelist for Global Drivers,Ballyhea,P56 XW95,Pikes Cross,Lidl RDC,EasyGo - Lidl Fleet RDC Charleville,IE*EGO0316,1,17,4,,,,
842773,,Cork,T12 RX96,Gasworks Road,1,"EasyGo - GWR Private, Cork",IE*EGO0317,1,4,4,,,,
843167,Lidl Fleet IE - Full Lidl Charger Whitelist for Global Drivers,Newbridge,W12 KT98,Littleconnell,Lidl RDC,EasyGo - Lidl Fleet RDC Newbridge,IE*EGO0318,1,8,4,,,,
843629,,Thurles Townparks,E41 K268,Parnell Street,5,"EasyGo - Tipperary CoCo, Parnell St. Thurles",IE*EGO0320,1,2,4,,,,
845152,Lidl Fleet IE - Full Lidl Charger Whitelist for Global Drivers,Newbridge,W12 KT98,Littleconnel,Lidl RDC,EasyGo - Lidl RDC Newbridge Truck Charger,IE*EGO0323,1,1,4,,,,
845641,,Ballymore Eustace,W91 RDX6,Barretstown Castle,1,"EasyGo - Barretstown, Co.Kildare",IE*EGO0338,1,4,4,,,,
883251,,Telaydan,H18 RX05,Glaslough,Casstle Leslie,"EasyGo - Castle Leslie Estate, Glaslough, Co.Monaghan",IE*EGO0340,1,4,4,,,,
883256,"883256: EasyGo - Marino Institute of Education (MIE), Dublin",Dublin,D09 R232,Griffith Avenue,1,"EasyGo - Marino Institute of Education (MIE), Dublin",IE*EGO0341,1,2,4,,,,
883285,,Corballis,K67 T6P6,Corballis,Maldron Hotel,EasyGo - Maldron Hotel Dublin Airport,IE*EGO0342,1,2,4,,,,
884788,,Town Parks,C15 V38E,Main Street,19,EasyGo - Ecological Building Systems,IE*EGO0346,1,1,4,,,,
886713,886713: EasyGo - Maynooth Business Campus,Maynooth,W23 F854,Straffan Road,Maynooth Business Ca,EasyGo - Maynooth Business Campus,IE*EGO0347,1,2,4,,,,
887969,887969: EasyGo - Fingal County Council - Grove Road,Blanchardstown,D15 HNT2,Grove Road,3,EasyGo - Fingal County Council - Grove Road,IE*EGO0348,1,10,4,,,,
915193,,Enniskerry,A98 PF65,Main Car Park,0,"EasyGo - Powerscourt Estate, Co.Wicklow",IE*EGO0352,1,3,4,,,,
915194,,Powerscourt Demesne,A98 K376,Powerscourt Estate,Powerscourt Golf Clu,"EasyGo - Powerscourt Golf Club, Co.Wicklow",IE*EGO0353,1,1,4,,,,
926025,,Loyer,E53 Y791,MONEYGALL,COMMUNITY HALL,"EasyGo - Moneygall Community Hall, Co.Offaly",IE*EGO0355,1,2,4,,,,
926026,,Coolderry,R42 DH05,1,1,"EasyGo - Coolderry Community Hall, Co.Offaly",IE*EGO0356,1,2,4,,,,
926027,,Kildare,R51 HK54,Dublin Street,Silken Thomas,"EasyGo - Silken Thomas, Kildare",IE*EGO0357,1,2,4,,,,
926538,,Ballinasloe,H53 A0D4,Church Street,Fred Kilmartin Servi,"EasyGo - Fred Kilmartin Ford Garage, Co.Galway",IE*EGO0358,1,1,4,,,,
926727,,Glasson,N37 HX45,Killinure,Glasson Lakehouse,"EasyGo - Glasson Lakehouse, Co.Westmeath",IE*EGO0359,1,5,4,,,,
946392,,Castletroy,V94 CD9V,City East Plaza,Block B,"EasyGo - City East Plaza, Co.Limerick",IE*EGO0360,1,4,4,,,,
946393,,Gurteen,E53 FE42,1,1,"EasyGo - Killavilla Community Centre, Co.Offaly",IE*EGO0361,1,2,4,,,,
946395,,Letterkenny,F92 FK15,Paddy Harte Road,Radisson Blu Hotel,EasyGo - Radisson Blu Letterkenny,IE*EGO0362,1,4,4,3312,iNua Hotel Group,,
948229,,North Dock,D03 K7W7,1,Eastpoint Business P,"EasyGo - Eastpoint Business Park, Dublin",IE*EGO0363,1,2,4,,,,
949207,,County Wexford,Y35 E8KT,MALDRON HOTEL,BALLINDINAS,EasyGo - Maldron Hotel Wexford,IE*EGO0365,1,3,4,,,,
1053735,"1053735: EasyGo - FGPO Ireland Limited Partnership 6, Co.Clare",Drumgeely,V14 YF90,Atlantic Avenue,7000,"EasyGo - FGPO Ireland Limited Partnership 6, Co.Clare",IE*EGO0366,1,1,4,3310,FGPO,,
1090998,,Drumgeely,V14 E803,1,Element Six,"EasyGo - Element Six, Co.Clare",IE*EGO0369,1,4,4,4069,Element 6,,
1166684,,Enniscorthy,Y21 P7Y0,"Milehouse Rd, Bellefield",1,"EasyGo - Enniscorthy Enterprise & Technology Centre, Co.Wexford",IE*EGO0371,1,3,4,,,,
1463080,,Carrowbaun,F28 XH61,Castlebar Street,0,"EasyGo(O) - Newport, Co Mayo",IE*EGO0373,1,1,4,,,,
1463081,,Crossmolina,F26 TA47,The Boreen,0,"EasyGo(O) - Crossmolina, Co. Mayo",IE*EGO0374,1,1,4,,,,
1463082,,Belmullet,F26 HN70,Church St. Car Park,0,"EasyGo(O) - Belmullet, Co. Mayo",IE*EGO0375,1,1,4,,,,
1472957,,Knockacroghery,F23 A257,Castlebar,Leisure Complex at L,"EasyGo(O) - Leisure Complex at Lough Lannagh Castlebar, Co.Mayo",IE*EGO0376,1,2,4,,,,
1515566,,Ballinagh,H12 V8X5,1,1,"EasyGo(O) - Ballinagh, Cavan",IE*EGO0377,1,1,4,,,,
1559210,,Birr,R42 W563,Mill Street,1,"EasyGo(O) - Birr, Co. Offaly",IE*EGO0378,1,1,4,,,,
1559706,,Clare,F12 F5H6,Dalton Street,1,"EasyGo(O) - Claremorris, Co. Mayo",IE*EGO0379,1,1,4,,,,
1574263,,Cornamucklaglass,A75 DW30,Main Street,Ballybay Town Car Pa,"EasyGo(O) - Ballybay, Co. Monaghan",IE*EGO0380,1,1,4,,,,
1574978,,Ballyconnell,H14 AY71,Bridge Street,Car Park,"EasyGo(O) - Ballyconnell, Co. Cavan",IE*EGO0381,1,1,4,,,,
1641405,,Belturbet,H14 T674,Corporation Lands,Car Park,"EasyGo(O) - Belturbet, Co. Cavan",IE*EGO0382,1,1,4,,,,
1703544,,Illanbelfarsad,F28 YK85,Saint Fionnans Close,6,EasyGo(O) - Achill Sound Co. Mayo (AC Charger),IE*EGO0383,1,1,4,,,,
1718823,,Tramore West,X91 VH42,Sandy Lane,4,"EasyGo(O) - Turkey Road, Tramore, Co. Waterford",IE*EGO0385,1,1,4,,,,
1720642,,Ferbane,R42 HE95,N62,25,"EasyGo(O) - Ferbane, Co. Offaly",IE*EGO0386,1,1,4,,,,
1130614,,Dublin,D16 N5Y8,Edmondstown Rd,1,"EasyGo - Edmondstown Golf Club, Dublin",IE*EGO0388,1,1,4,4136,Edmonstown Golf Club,,
1167012,,Portobello,D08 H1W9,New Street South,1A,"EasyGo - Maldron Hotel, Kevin St, Dublin",IE*EGO0389,1,2,4,3165,Dalata Hotel Group,,
1718831,,Tramore West,X91 PA89,Market Street,14,"EasyGo(O) - Market Street, Tramore, Co. Waterford",IE*EGO0391,1,1,4,,,,
1208708,,National Digital Park,D24 H2CE,Riverwalk,9,"EasyGo - Bon Secours, Citywest, Co.Dublin",IE*EGO0392,1,1,4,,,,
1331477,"1331477: EasyGo - NSC Private, Dublin",Meakstown,D11 Y895,"St Margaret's Rd, Finglas, Dublin",1,"EasyGo - NSC Private, Dublin",IE*EGO0400,1,6,4,4311,GNI,,
1739373,,Thurles Townparks,E41 K720,Emmett Street,1,"EasyGo(O) - Emmett Street, Thurles Co. Tipperary",IE*EGO0420,1,1,4,,,,
1820997,,Loughboy,R95 E2NF,Kilkenny Business & Technology Park,State Street,"EasyGo - State Street International Ireland Limited, Co. Kilkenny (Private)",IE*EGO0438,1,21,4,,,,
1445578,1445578: EasyGo(O) - EasyGo Offices,Maynooth,W23 V3K6,Straffan Road,G11 Maynooth Busines,EasyGo(O) - EasyGo Offices,IE*EGO0450,1,4,4,,,,
1446017,,Carlow,R93 N207,Kilkenny Rd,1,"EasyGo(O) - Woodford Dolmen Hotel, Carlow",IE*EGO0489,1,2,4,4460,Dolmen Hotel,,
1362284,,Cong,F31 CA48,"Leaf Island, Cong",1,"EasyGo - Ashford Castle, Castle Carpark, Co.Mayo",IE*EGO0490,1,2,4,4353,Ashford Castle,,
1373295,,Leopardstown,D18 K2P1,Sandyford Business District Central Park,1,"EasyGo - Clayton Hotel Leopardstown, Dublin",IE*EGO0493,1,5,4,4369,Clayton Hotel,,
1373488,"1373488: EasyGo - JDB Roseview Apartments, Co.Kildare",Naas,W91 W2TN,Sallins Rd,"The Orchard, Rosevie","EasyGo - JDB Roseview Apartments, Co.Kildare",IE*EGO0494,1,6,4,4373,JDB,,
1382031,1382031: EasyGo - Fingal County Council - Skerries Beach Carpark,Townparks,K34 YR76,South Strand,1,EasyGo - Fingal County Council - Skerries Beach Carpark,IE*EGO0496,1,1,4,3243,Fingal County Council,,
1412689,1412689: EasyGo - Fingal County Council - Howth Library,Howth,D13 VY50,Main Street,1,EasyGo - Fingal County Council - Howth Library,IE*EGO0497,1,1,4,3243,Fingal County Council,,
169899,,Edgeworthstown,N39 AH64,Bracklin Road,2,"EasyGo(O)  - Edgeworthstown, Main Street, Co. Longford",IE*EGO0500,1,1,4,1979,Longford County Council,,
120987,,Kinnegad,N91 N9YR,"Kinnegad Plaza, R148,",1,"EasyGo - Supermacs, Kinnegad",IE*EGO0502,1,2,4,730,Supermacs,,
141850,,Mullingar,N91 A4EP,Dublin Road,Mullingar Park Hotel,"EasyGo(O) - Mullingar Park Hotel, Westmeath",IE*EGO0504,1,1,4,,,,
141851,,Shamrocklodge,R14 YW10,Gallow Hill Court,34,"EasyGo(O)  - DC Clanard Court Hotel, Athy",IE*EGO0505,1,1,4,902,Clanard Court Hotel,,
159967,,Headford,H91 A9X7,Galway Road,Joyce & Sons LTD.,"EasyGo(O)  - Joyce's Hardware & Home, Headford, Galway",IE*EGO0507,1,1,4,3313,Joyce's Hardware & Home,,
170058,,The Lough,T12 X2AH,Western Road,River Lee Hotel,EasyGo(O) - DC River Lee Hotel Cork,IE*EGO0508,1,1,4,3323,River Lee Hotel,,
197519,,Glasnevin,D09 FW22,Collins Avenue,The Helix,"EasyGo(O)  - DCU The Helix, Dublin",IE*EGO0509,1,1,4,3307,DCU,,
200579,,Drumcondra,D09 YT18,Upper Drumcondra Road,St. Pats DCU,"EasyGo(O)  - DCU St. Pats, Dublin",IE*EGO0510,1,1,4,3307,DCU,,
1739376,,Knock,F12 Y226,Drum,Knock Shrine,EasyGo(O) - Knock Shrine Co. Mayo,IE*EGO0512,1,3,4,,,,
1907533,,Portlaoise,R32 T2YY,Railway Street,1,"EasyGo(O) - Railway Street, Portlaoise",IE*EGO0513,1,10,4,,,,
206361,,Clonakilty,P85 DK07,Clonakilty Shopping Centre,Unit 8,"EasyGo(O) - Scally's SuperValu, Clonakilty, Cork",IE*EGO0515,1,1,4,780,Musgraves,,
257262,Lidl Fleet IE - Full Lidl Charger Whitelist for Global Drivers,Bray,A98 A3Y1,Boghall Road,Lidl,"EasyGo - Lidl, Boghall Road, Bray",IE*EGO0517,1,1,4,327,"Lidl, Ireland",,
259858,,Cosmona,H62 P588,Athenry Road,1,"EasyGo(O)  - SuperValu, Loughrea, Galway",IE*EGO0518,1,1,4,780,Musgraves,,
273972,Lidl Fleet IE - Full Lidl Charger Whitelist for Global Drivers,Carrownreddy,E34 CX82,Blind Street,Lidl,"EasyGo - Lidl, Tipperary Town",IE*EGO0519,1,1,4,327,"Lidl, Ireland",,
276137,Lidl Fleet IE - Full Lidl Charger Whitelist for Global Drivers,Mitchelstown,P67 D718,Fermoy Road,Lidl,"EasyGo - Lidl, Mitchelstown, Co.Cork",IE*EGO0520,1,1,4,327,"Lidl, Ireland",,
333056,,Galway,H91 KN7F,Lough Atalia Road,Texaco,"EasyGo(O)  - Texaco, Lough Atalia Road, Galway City",IE*EGO0522,1,1,4,3328,Texaco Lough Atalia,,
358920,Lidl Fleet IE - Full Lidl Charger Whitelist for Global Drivers,Ardee,A92 YF95,Dublin Road,Lidl,"EasyGo - Lidl Ardee, Co.Louth",IE*EGO0523,1,1,4,327,"Lidl, Ireland",,
361248,Lidl Fleet IE - Full Lidl Charger Whitelist for Global Drivers,Blakestown,D15 C9NY,Blakestown Way,Lidl,"EasyGo - Lidl Blakestown, Dublin",IE*EGO0524,1,1,4,327,"Lidl, Ireland",,
361249,Lidl Fleet IE - Full Lidl Charger Whitelist for Global Drivers,Abbeyquarter South,F91 EA4W,Cranmore Place,Lidl,"EasyGo - Lidl, Cranmore Road, Sligo",IE*EGO0525,1,1,4,327,"Lidl, Ireland",,
496814,Lidl Fleet IE - Full Lidl Charger Whitelist for Global Drivers,Knocknacarra,H91 H0XH,Western Distributor Rd,Lidl,"EasyGo - Lidl Knocknacarra, Galway",IE*EGO0526,1,1,4,327,"Lidl, Ireland",,
587863,Lidl Fleet IE - Full Lidl Charger Whitelist for Global Drivers,Charleville,P56 FX77,Limerick Road,Lidl,"EasyGo - Lidl Charleville, Co.Cork",IE*EGO0528,1,1,4,327,"Lidl, Ireland",,
597127,Lidl Fleet IE - Full Lidl Charger Whitelist for Global Drivers,Portlaoise,R32 VP95,James Fintan Lalor Avenue,Lidl,"EasyGo - Lidl Portlaoise, Co.Laois",IE*EGO0529,1,2,4,327,"Lidl, Ireland",,
611731,,Carlow,R93 DF72,Pollerton Road,1,EasyGo(O)  - Green Lane Carlow Town,IE*EGO0530,1,2,4,3020,Carlow County Council,,
611732,,Kilcarrig,R21 XH52,Bagenal Court,2,"EasyGo(O)  - Church Rd, Bagenalstown, Co. Carlow",IE*EGO0531,1,1,4,3020,Carlow County Council,,
584241,,Kinathfineen,P75 FP76,Bantry,Bantry Bay Port,"EasyGo(O)  - Bantry Bay Port, Cork",IE*EGO0532,1,1,4,3302,Bantry Port,,
677322,Lidl Fleet IE - Full Lidl Charger Whitelist for Global Drivers,Claremorris,F12 Y7R9,Kilcolman Road,1,"EasyGo - Lidl Claremorris, Co.Mayo",IE*EGO0533,1,1,4,327,"Lidl, Ireland",,
682688,,Thomastown,R95 E096,Mount Julie,Mount Juliet Estate,"EasyGo(O) - Mount Juliet Estate, Kilkenny",IE*EGO0534,1,1,4,2091,Mount Juliet Estate,,
682709,,Miltown Malbay,V95 DTH9,Spanish Point Road,1,"EasyGo(O) - Leonard & Ann-Marie Vaughan, Amber Spar, Miltown Malbay, Co.Clare",IE*EGO0535,1,1,4,3315,Leonard & Ann-Marie Vaughan,,
695387,,Cork,T23 E9DX,Middle Glanmire Road,1,"EasyGo(O) - Montenotte Hotel, Cork",IE*EGO0536,1,2,4,3319,Montenotte Hotel,,
756843,,Finglas North,D11 K250,Mellowes Road,Child Development Ce,EasyGo(O) - Dublin City Council (Finglas),IE*EGO0540,1,2,4,3388,Dublin City Council,,
832733,Lidl Fleet IE - Full Lidl Charger Whitelist for Global Drivers,County Wicklow,A67 P983,Glebe Road,Lidl,EasyGo - Lidl Wicklow Town,IE*EGO0541,1,1,4,,,,
884701,,Dublin,D09 YN97,Glasnevin Hill,Dublin 9,"EasyGo -  Bon Secours, Glasnevin, Dublin",IE*EGO0542,1,1,4,,,,
884706,,Tralee,V92 P663,Strand Street,1,"EasyGo - Bon Secours, Tralee",IE*EGO0543,1,1,4,,,,
884736,,University College,T12 DV56,1,1,"EasyGo - Bon Secours, Cork",IE*EGO0544,1,1,4,,,,
916879,Lidl Fleet IE - Full Lidl Charger Whitelist for Global Drivers,Rathdown Lower,A63 C780,Rathdown Road,Lidl,"EasyGo - Lidl Greystones, Co.Wicklow",IE*EGO0545,1,1,4,,,,
884737,Lidl Fleet IE - Full Lidl Charger Whitelist for Global Drivers,Mallow,P51 E4FE,Park Road,1,"EasyGo - Lidl Mallow, Cork",IE*EGO0546,1,1,4,,,,
916903,,Renmore,H91 KC7H,Renmore Road,Bon Secours Hospital,"EasyGo - Bon Secours, Galway",IE*EGO0547,1,1,4,,,,
916904,,Oranmore,H91 K7FA,Carrowmoneash,Maldron Hotel,"EasyGo - Maldron Hotel, Oranmore, Galway",IE*EGO0548,1,3,4,,,,
916905,,Ballincollig,P31 PX31,Westgate,30,EasyGo(O) - Talbot Hotel Cork (AC Chargers),IE*EGO0549,1,4,4,2905,Talbot Hotel Group,,
916913,,Puttaghan,R35 EA29,Clara Road,Colton Motors,"EasyGo - Ford Coltons, Tullamore",IE*EGO0550,1,4,4,,,,
1343584,Lidl Fleet IE - Full Lidl Charger Whitelist for Global Drivers,Archerstreet Lot,R95 PVY6,Bohernatounish Road,7,EasyGo - Lidl Kilkenny City,IE*EGO0551,1,1,4,,,,
916916,,The Lough,T12 X2AH,Western Road,River Lee Hotel,"EasyGo(O) - River Lee Hotel, Cork",IE*EGO0552,1,2,4,,,,
916917,,Dublin,A96 TC59,Pottery Road,Physique Consultants,"EasyGo - Physique Consultants, Co.Dublin",IE*EGO0553,1,1,4,,,,
922711,,Greystones,A63 AK52,Charlesland Shopping Center,Upper Car Park,"EasyGo(O) - Charlesland Centre, Greystones, Wicklow",IE*EGO0554,1,4,4,,,,
922714,,Mullingar,N91 w292,Lough Sheever Corporate Park,Ford Coltons,"EasyGo - Ford Coltons, Mullingar",IE*EGO0555,1,2,4,,,,
982999,,Ballincollig,P31 PX31,Oriel Court,Oriel House Hotel,EasyGo(O) - Talbot Hotel Cork (DC Chargers),IE*EGO0556,1,1,4,2905,Talbot Hotel Group,,
984402,,Mallow,P51 DT91,Spa Glen,Centra,"EasyGo(O)  - DC Centra, O' Mahony's, Mallow, Cork",IE*EGO0557,1,1,4,,,,
1343599,Lidl Fleet IE - Full Lidl Charger Whitelist for Global Drivers,Cruiserath,D15 DH30,Tyrrelstown,Lidl,"EasyGo - Lidl Tyrrelstown, Dublin",IE*EGO0558,1,1,4,,,,
1343602,Lidl Fleet IE - Full Lidl Charger Whitelist for Global Drivers,Ballincollig,P31 D256,Ballincollig,Lidl,"EasyGo - Lidl Ballincollig, Co.Cork",IE*EGO0559,1,1,4,,,,
1350526,Lidl Fleet IE - Full Lidl Charger Whitelist for Global Drivers,Priorswood,D17 TY30,Clonshaugh Road,17,EasyGo - Lidl Clonshaugh,IE*EGO0560,1,1,4,,,,
1412691,Lidl Fleet IE - Full Lidl Charger Whitelist for Global Drivers,Oldbridge,E91 VP11,Queen Street,1,"EasyGo - Lidl Clonmel, Queen Street",IE*EGO0561,1,1,4,,,,
1437818,,Friarsquarter West,F31 P802,Church Lane,2,"EasyGo(O) - Ballinrobe, Co. Mayo",IE*EGO0562,1,1,4,,,,
1437819,,Cahernamart,F28 VX58,James Street,James Street,"EasyGo(O) - James Street, Westport, Co. Mayo",IE*EGO0563,1,1,4,,,,
1437820,,Cloonmonad,F28 FW27,The Quay,Westport Quay,"EasyGo(O) - Westport Quay, Co. Mayo",IE*EGO0564,1,1,4,,,,
1444537,,Swineford,F12 FH24,Pound Lane,1,"EasyGo(O) - Swinford, Co. Mayo",IE*EGO0565,1,1,4,,,,
1444538,,Castlebar,F23 EY18,Market Street,1,"EasyGo(O) - Mill Lane Car Park, Castlebar, Co. Mayo",IE*EGO0566,1,1,4,,,,
1463079,,Glassan,N37E9X9,N55,Centra,"EasyGo(O) - Spollen's Centra Glasson, Co.Westmeath",IE*EGO0567,1,1,4,4507,spollens,,
1465455,Lidl Fleet IE - Full Lidl Charger Whitelist for Global Drivers,Limerick,V94 P2K1,Dock Road,Lidl,EasyGo - Lidl Dock Road Limerick,IE*EGO0568,1,1,4,,,,
1690127,,Fethard,E91 N7P6,Kerry Street,11,EasyGo(O) - Fethard Co. Tipperary,IE*EGO0569,1,1,4,,,,
1690133,,Lismore,P51 A30C,Main Street,1,"EasyGo(O) - Lismore, Co. Waterford",IE*EGO0570,1,1,4,,,,
1840218,,Clooncarrabaun,F28 FK33,Chapel Street,1,EasyGo(O) - Louisburgh Co. Mayo,IE*EGO0571,1,1,4,,,,
1679783,,Graiguenamanagh,R95 HT66,Upper Main Street,1,"EasyGo(O) - Graiguenamanagh, Kilkenny",IE*EGO0575,1,1,4,,,,
1679784,,Thomastown,R95 T6X0,Thomastown,The Quay Car Park,"EasyGo(O) - Thomastown, Co. Kilkenny",IE*EGO0576,1,1,4,,,,
1690129,,Callan South,R95 XP7X,Clonmel Road,10,EasyGo(O) - Callan Co. Kilkenny,IE*EGO0577,1,1,4,,,,
1679776,,Gardens,R95 XH77,Bateman Quay,Market Yard Car Park,EasyGo(O) - Market Yard Kilkenny,IE*EGO0578,1,1,4,,,,
1679774,,Gardens,R95 Y092,Dean Street,18,EasyGo(O) - Dean Street Kilkenny,IE*EGO0579,1,1,4,,,,
1679800,,Ballina,F26 TX04,Humbert Street,Car Park,"EasyGo(O) - Ballina, Co. Mayo",IE*EGO0580,1,1,4,,,,
1680066,,Lowpark,F12 VY38,The Fairgreens,19,"EasyGo(O)  - Charlestown Co, Mayo",IE*EGO0581,1,1,4,,,,
830482,,Templeowen,R93 C782,New Road,1,"EasyGo(O) - Tullow, Co. Carlow",IE*EGO0590,1,1,4,,,,
1091930,,Pollamore Far,H12 N8X0,Dublin Road,Kiernans Texaco,EasyGo(O) - Kiernan's Texaco Cavan,IE*EGO0591,1,1,4,4112,Kiernans Texaco Cavan,,
1130608,,Mullarney,R14 YX54,Abbey Street,1,"EasyGo(O) - Horans Maxol Castledermot, Kildare",IE*EGO0592,1,1,4,4132,Horans Maxol Castledermot,,
1467606,,Poppintree,D11 F851,IDA Industrial park,0,"EasyGo - Freshway Foods, Dublin (Private)",IE*EGO0594,1,4,4,4521,Freshway Foods,,
1548029,,Gorey,Y25 X2V0,Ballymoney Lower,1,"EasyGo(O) - Seafield Hotel & Spa Resort, Wexford",IE*EGO0595,1,4,4,4604,Seafield Hotel,,
1559703,,Largy,H23 VK60,1,1,"EasyGo - Clones Primary Care, Co. Monaghan",IE*EGO0596,1,3,4,4617,Clones Primary Care,,
1606789,,Breaffy South,V95 R883,Breaffy South,0,"EasyGo - Armada Hotel, Co. Clare",IE*EGO0600,1,3,4,4683,Armada Hotel,,
1618303,,Newport,F28YX89,Main Street,1,EasyGo - Hotel Newport,IE*EGO0602,1,2,4,4691,Hotel Newport,,
1686455,"1686455: EasyGo - The Club at Goffs, Kill Kildare",Greenhills,W91 APW9,The Club at Goffs,1,"EasyGo - The Club at Goffs, Kill Kildare",IE*EGO0625,1,1,4,4821,Goffs,,
1686505,,Derreen,V93XY01,Gleann Fia Country House,1,EasyGo(O) - Gleann Fia Country House,IE*EGO0629,1,2,4,,,,
1739379,,Dublin,D04 W6R9,Donnybrook Road,Old Wesley Rugby Foo,EasyGo - Energia Park Donnybrook Stadium,IE*EGO0665,1,8,4,,,,
1741683,,Dublin,n/a,n/a,n/a,EasyGo(O) - Glenbrier Northern Apartments,IE*EGO0666,1,12,4,,,,
1735559,,Edenderry,R45 YD70,O'Connell Square,8,EasyGo(O) - Edenderry Co. Offaly,IE*EGO0667,1,1,4,,,,
1744871,,Cherrywood,D18 T3Y1,Cherrywood Business Park,Building10,EasyGo - The Campus Building 10 (Private),IE*EGO0669,1,3,4,,,,
1777016,,Foxford,F26 T228,Morrogh Bernard Road,1,EasyGo(O) - Foxford,IE*EGO0683,1,1,4,,,,
1791312,,Tallow,P51 RK3V,West Street,1,"EasyGo(O) - Tallow, Co. Waterford",IE*EGO0684,1,1,4,,,,
1813954,,Townparks,E21 K336,Castle Street,1,"EasyGo(O) - Cahir, Co. Tipperary",IE*EGO0685,1,1,4,,,,
1813956,,Townparks,E32 XD60,New Street,01-Feb,"EasyGo(O) - Carrick-on-Suir, Co. Tipperary",IE*EGO0686,1,1,4,,,,
1840259,,Dungarvan,X35 CC97 Co. Waterford,Shandon Road,Park Hotel Dungarvan,EasyGo(O) - The Park Hotel Dungarvan Co. Waterford,IE*EGO0687,1,1,4,,,,
1934864,,Dungarvan,X35 NA02,Castle Street,1,EasyGo(O) - Castle Street Dungarvan Co. Waterford,IE*EGO0688,1,1,4,,,,
1934867,,Caiseal,E25 WV88,Agar's Lane,7,EasyGo(O) - Cashel Co. Tipperary,IE*EGO0689,1,1,4,,,,
1956029,,Carlow,R93 RX93,Greenbank Road,1,EasyGo(O) - Greenbank Road Co. Carlow,IE*EGO0690,1,1,4,,,,
1956034,,Templemore,E41 D1F8,Main Street,54,EasyGo(O) - Templemore Co. Tipperary,IE*EGO0691,1,1,4,,,,
1956059,,Burgagery-Lands East,E91 X890,O'Rahilly Avenue,5,EasyGo(O) - Clonmel Co. Tipperary,IE*EGO0692,1,1,4,,,,
1976967,,Roscrea,E53 YP40,Lourdes Road,1,EasyGo(O) - Roscrea Co. Tipperary,IE*EGO0693,1,1,4,,,,
1994400,,Lucan,K78 V4H7,Lucan Retail Park,Starbucks,EasyGo(O) - Starbucks Lucan Retail Park,IE*EGO0695,1,1,4,,,,
1995021,,Ballina,V94 A44Y,Árd Coillte,14,EasyGo(O) - Ballina Co. Tipperary,IE*EGO0696,1,1,4,,,,
2011900,,Shesheraghmore,E45 Y336,Main Street,Borrisokane,EasyGo(O) - Borrisokane Co. Tipperary,IE*EGO0697,1,1,4,,,,
2016987,,Dungarvan,X35 YA47,St Augustines Street,St Augustines Car Pa,"EasyGo(O) - St Augustines Car Park, Dungarvan, Co. Waterford",IE*EGO0698,1,1,4,,,,
1813953,,Navan,C15 Y291,Dublin Road,Buvinda House,EasyGo - Meath County Council,IE*EGO0709,1,3,4,5105,Meath County Council,,
1840262,,Lahinch,V95 VP9H,Station Road,Lahinch Coast Hotel,EasyGo - Lahinch Coast Hotel,IE*EGO0710,1,1,4,,,,
1904074,,Galway,H91 N2XK,Letteragh Road,1,EasyGo(O) - Fanan Residential EV Charge Points,IE*EGO0711,1,4,4,,,,
1994406,,Kilcomeragh,X42 KN77,Mahon Bridge,1,EasyGo - Mahon Bridge Carpark,IE*EGO0714,1,2,4,,,,
2017247,,Clonmel,E91 N512,Emmet Street,Tipperary County Cou,EasyGo - Tipperary County Council Emmet Street,IE*EGO0715,1,4,4,,,,
2096325,,Curraghavarna And Portavolla,R42 A7D6,Main Street,1,"EasyGo(O) - Banagher, Co. Offaly",IE*EGO0718,1,1,4,,,,
2100152,,Kilmacthomas,X42 R122,The Square,2,"EasyGo(O) - Kilmacthomas, Co. Waterford",IE*EGO0719,1,1,4,,,,
2011904,,Rathnapish,R93 HY01,O'Brien Road,Enterprise House,"EasyGo(O) - Enterprise House Carlow, Co. Carlow",IE*EGO0722,1,2,4,,,,
2181325,,Ballygerry,Y35 Y67A,Mary's Terrace,1,EasyGo(O) - Murphy's Supervalu Rosslare,IE*EGO0727,1,2,4,,,,
2115543,,Newport,V94 RWD0,Pound Street,Pound Street Car Par,EasyGo(O) - Newport Co. Tipperary,IE*EGO0728,1,1,4,,,,
2131393,,Maynooth,W23 F2H6,North campus,Maynooth University,EasyGo(O) - Maynooth University North Campus,IE*EGO0732,1,3,4,,,,
2131397,,Collegeland,W23 NX63,Maynooth,South Campus,"EasyGo(O) - Maynooth University, South Campus",IE*EGO0733,1,2,4,,,,
2180634,,Drumduff North,N41 AR27,R207,1,EasyGo(O) - Jinny's Bakery and Tearooms,IE*EGO0736,1,2,4,,,,
2180636,,Maynooth,W23 TX62,Main Street,8b,"EasyGo - Glenroyal Shopping Centre Maynooth, Co. Kildare",IE*EGO0738,1,2,4,,,,
2203190,,Oldconnell,W12 WV88 Co. Kildare,Naas Road,St Conleths Infants ,EasyGo - St Conleths Infants School,IE*EGO0740,1,2,4,,,,
2263162,"2263162: EasyGo - Hibernia Real Estate, Cumberland Place",Dublin,D02 FF20,Cumberland Street South,1,"EasyGo - Hibernia Real Estate, Cumberland Place",IE*EGO0749,1,1,4,,,,
2270561,,Cooltederry,R32 W4AY,Link Road,1,EasyGo(O) - Portarlington Leisure Centre Co. Laois,IE*EGO0750,1,1,4,,,,
2270637,,LANESBOROUGH,N39 R8K6,MAIN STREET,SAINT MARY'S PARISH ,EasyGo(O) - Lanesborough,IE*EGO0752,1,1,4,,,,
2270641,,Ballintemple,T12 R682,Centre Park Road,FreeFoam,EasyGo - FreeFoam Centre Parks Road - Private,IE*EGO0753,1,3,4,,,,
2328386,,Nenagh North,E45 A449,Silver Street,75,"EasyGo(O) - Glebe House, Nenagh",IE*EGO0757,1,1,4,,,,
2349714,,Town Lot,E34 D237,Abbey Street,8,"EasyGo(O) - Kickham Place, Tipperary Town, Co.Tipperary",IE*EGO0758,1,1,4,,,,
2355722,,Grand Canal Dock,D02 HD32,Sir John Rogerson's Quay,State Street Interna,"EasyGo - State Street International, John Rogerson's Quay",IE*EGO0760,1,2,4,,,,
2361566,,Borris,R95 H336,Main Street,1,"EasyGo(O) - Borris, Co. Carlow",IE*EGO0765,1,1,4,,,,
2363397,,Ballyvaughan,H91 CF60,Ballyvaughan,Gregan's Castle Hote,EasyGo(O) - Gregans Castle Hotel,IE*EGO0768,1,3,4,,,,
2371287,,Townparks,N39 XE95,Ballymahon Street,18 Harbour Row Carpa,"EasyGo(O) - Bog Lane Car Park, Co. Longford",IE*EGO0770,1,1,4,,,,
2371289,,Ballymahon,N39 KX82,Car Park,Riverside,"EasyGo(O) - Riverside Car Park, Ballymahon, Co. Longford",IE*EGO0771,1,1,4,,,,
2371290,,Castlerea,F45HH24,"Main Street, Castlerea",Main Street,"EasyGo(O) - Main Street, Castlerea",IE*EGO0772,1,1,4,,,,
2371313,,Wicklow Town,A67 Y722,Kilmantin Hill,Kilmantin Hill Carpa,"EasyGo(O) - Kilmantin Hil Carpark, Wicklow Town",IE*EGO0773,1,1,4,,,,
2371315,,Wicklow Town,A67 VH30,The Murrough,The Murrough Car Par,"EasyGo(O) - The Murrough, Wicklow Town",IE*EGO0774,1,2,4,,,,
2371325,,Ballard,Y14 K6K3,Main Street,15,"EasyGo(O) - Shillelagh, Co. Wicklow",IE*EGO0776,1,1,4,,,,
2385987,,Maynooth,W23 X021,Maynooth University North Campus,Phoenix carpark,"EasyGo(O) - Maynooth University, Phoenix Carpark (North Campus)",IE*EGO0777,1,3,4,,,,
2387786,,Mayo Abbey,F12 YW54,Freeheen,Mayo Gaels GAA,EasyGo(O) - Mayo Gaels GAA,IE*EGO0778,1,1,4,,,,
2393998,,Blacklion,F91 R89A,Belcoo Road,Blacklion Enterprise,"EasyGo(O) - Blacklion, Co. Cavan",IE*EGO0779,1,1,4,,,,
2404342,,University College Cork,T12 AK54,Brookfield,Health Sciences Comp,"EasyGo - UCC, Brookfield",IE*EGO0780,1,2,4,,,,
2404352,,Enniskerry Village,A98 DW96,Enniskerry,Enniskerry Car Park,EasyGo(O) - Enniskerry Co. Wicklow,IE*EGO0781,1,1,4,,,,
2404364,,Cork City,T23 XE10,Lee Court,UCC ERI,"EasyGo - UCC, Sustainability Institute",IE*EGO0782,1,2,4,,,,
2406341,,County Cork,T12 V8FW,Victoria Cross Road,University Hall Stud,"EasyGo - UCC, University Hall",IE*EGO0783,1,2,4,,,,
2406721,,Ringaskiddy,T12 AK54,Beaufort,UCC,"EasyGo - UCC, Beaufort Ringaskiddy",IE*EGO0784,1,1,4,,,,
2406724,,Mardyke,T12 AK54,Western Gateway Building,UCC,"EasyGo - UCC, Western Gateway Building",IE*EGO0785,1,1,4,,,,
2420465,,Trinity Without,X91 VN30,Merchants Quay,89,EasyGo(O) - 89 Meagher's Quay Waterford,IE*EGO0792,1,2,4,,,,
2420466,,County Dublin,D02 E7K8,The Sidings,Boston Sidings,EasyGo - Boston Sidings,IE*EGO0793,1,3,4,,,,
2420468,,Clonshagh,D17 C651,Medicall Ambulance LTD,Medicall,EasyGo - Medicall Ambulance LTD,IE*EGO0794,1,2,4,,,,
2421541,2421541: EasyGo(O) - Castlebar Primary Care Centre,Castlebarr,F23 KW11,Moneen Road,Feasible,EasyGo(O) - Castlebar Primary Care Centre,IE*EGO0795,1,11,4,,,,
2439958,,Achill Sound,F28 P213,Gob an Choire,Church Of Mary,EasyGo(O) - Achill Sound Co. Mayo (DC Charger),IE*EGO0800,1,1,4,,,,
2445145,,Mountrath,R32 KF6P,Shannon Street,Slieve Bloom House,EasyGo(O) - Mountrath Co. Laois,IE*EGO0801,1,1,4,,,,
2445434,2445434: EasyGo - Aurivo Head Office,Sligo,F91 N968,Finisklin Business Park,Aurivo House,EasyGo - Aurivo Head Office,IE*EGO0802,1,1,1,,,,
2445435,,Tinahely,Y14 AX76,Lugduff,Station House,EasyGo(O) - Tinahealy Railway Walk,IE*EGO0803,1,2,4,,,,
2447528,,Ireland,C15 HE33,Athboy,Tirlan Country Life,EasyGo - Tirlán Country Life Athboy Co. Meath,IE*EGO0806,1,1,4,,,,
2456499,,Rathdrum,A67 D232,Back Lane,Rathdrum,EasyGo(O) - Rathdrum,IE*EGO0811,1,1,4,,,,
2479345,,Cecilstown,P51 N990,Ballyhass Lakes,Ballyhass Lakes Acti,EasyGo(O) - Ballyhass Lakes Activity Centre,IE*EGO0812,1,3,4,,,,
2480147,,Wicklow,W91 R624,Hollywood,Hollywood Inn,EasyGo(O) - Hollywood,IE*EGO0813,1,1,4,,,,
2649182,,Cullenagh,V94 X9T3,Kilaloe,The Lakeside Hotel,EasyGo(O) - The Lakeside Hotel and Leisure Centre,IE*EGO0814,1,0,4,,,,
2507501,,Portaneena,N37R2D7,Wineport Lodge,Wineport Lodge,EasyGo(O) - Wineport Lodge,IE*EGO0815,1,3,4,,,,
2508368,,Greystones,A63 PP71,Trafalgar Road,Trafalgar Road Car P,"EasyGo(O) - Trafalgar Road Car Park, Greystones",IE*EGO0817,1,1,4,,,,
2521614,,Monksland,N37 X6D3,River Village,Smith's Supervalu,EasyGo(O) - Supervalu Athlone,IE*EGO0823,1,1,4,,,,
2527232,,Glanmire,T45 Y193,Vienna Woods Chalets,1,"EasyGo(O) - Vienna Woods Hotel, Cork",IE*EGO0826,1,2,4,,,,
2527264,,Bellataleen,Croagh Patrick,Murrisk,Muurisk Car park,"EasyGo(O) - Murrisk Car Park, Croagh Patrick",IE*EGO0827,1,2,4,,,,
2531941,,Galway,H91 KH64,Belmont,Flannery's Hotel,"EasyGo - Flannery's Hotel, Galway",IE*EGO0829,1,2,4,,,,
2569403,Lidl Fleet IE - Full Lidl Charger Whitelist for Global Drivers,Longford,N39 W4F3,Dublin Road,Lidl,EasyGo - Lidl Longford,IE*EGO0831,1,1,4,,,,
2581788,,Dunlavin Upper,W91 FX53,Stephen Street,4,EasyGo(O) - Dunlavin Co. Wicklow,IE*EGO0832,1,1,4,,,,
2581790,,Blessington,W91 WK44,Main street,AIB,EasyGo(O) - Blessington Co. Wicklow,IE*EGO0833,1,1,4,,,,
2581793,,Castlereagh,F45 KR72,Roselawn Drive,GRETB Roscommon,"EasyGo - GRETB, Castlerea Roscommon",IE*EGO0834,1,1,4,,,,
2583581,Lidl Fleet IE - Full Lidl Charger Whitelist for Global Drivers,Newcastle South,D22 C4E4,Main Street Upper,Lidl,EasyGo - Lidl Newcastle,IE*EGO0835,1,1,4,,,,
2610321,,Castletroy,V94 T9PX,University of Limerick,V94 T9PX,EasyGo - University of Limerick,IE*EGO0836,1,1,1,,,,
2649181,,Drumahaire,F91 DY84,Main Street,Library,"EasyGo(O) - Dromahair Library, Co. Leitrim",IE*EGO0837,1,1,4,,,,
2663415,,Roundwood,A98 VH73,Main Street,1,EasyGo(O) - Roundwood,IE*EGO0838,1,1,4,,,,
2649168,,Bray,A98 PD00,Strand Road,73,"EasyGo(O) - Strand Road, Bray Co. Wicklow",IE*EGO0841,1,1,4,643,wicklow county council,,
2650614,,Richmond Street,N39 W1R0,Connacht Park,22,EasyGo(O) - Connacht Park,IE*EGO0842,1,1,4,1979,Longford County Council,,
2650615,,Richmond Street,N39 E7E2,Connacht Park,1,EasyGo(O) - Connacht Park,IE*EGO0843,1,1,4,1979,Longford County Council,,
2583624,,Sugarloafhill,R95 XD74,Callan Road,0,"EasyGo(O) - Hotel Kilkenny, Kilkenny",IE*EGO0851,1,4,4,,,,
2583627,,Ballina Killaloe,V94 E2D6,Ballina,Lakeside Hotel,EasyGo(O) - Lakeside Hotel and Leisure Centre,IE*EGO0852,1,3,4,,,,
2583628,,Ferrycarrig,Y35 Y9TA,N11,Ferrycarrig Hotel,"EasyGo(O) - Ferrycarrig Hotel, Wexford",IE*EGO0853,1,5,4,,,,
2588021,,Clontarf East,D03 EN88,Saint John's Wood,21,EasyGo(O) - Clontarf Castle (AC Chargers),IE*EGO0854,1,4,4,,,,
2588032,,Carnew,Y14 E3W5,Main Street,1,"EasyGo(O) - Carnew, Co.Wicklow",IE*EGO0856,1,1,4,,,,
2593007,,Bray,A98 N8P2,Main Street,74,"EasyGo(O) - St. Kevins Square, Bray Co. Wicklow",IE*EGO0858,1,1,4,,,,
2593693,,Townparks,N39 K3C7,Great Water Street,Longford Centre,"EasyGo(O) - Longford Centre, Co. Longford",IE*EGO0859,1,2,4,,,,
2600939,,Newtown Mount Kennedy,A63 FR52,Main Street,River View,EasyGo(O) - Newtown Mount Kennedy Co. Wicklow,IE*EGO0860,1,1,4,,,,
2608930,,Ardnanagh,F42 X791,Court View,5,EasyGo(O) - Court View Car Park Roscommon Town Co. Roscommon,IE*EGO0861,1,2,4,1503,Roscommon County Council,,
2608939,2608939: EasyGo - Hawthorn House,Limerick,V94 5F68,O'Haloran Road,Hawthorn House,EasyGo - Hawthorn House,IE*EGO0862,1,3,4,,,,
2619915,,Cowpasture,W34 V267,Cowpasture,Tirlan CountryLife,EasyGo(O) - Tirlan Country Life Monasterevin,IE*EGO0863,1,1,4,,,,
2649159,,Carrownluggaun,F35 KV90,Beech Lawn,14,EasyGo(O) - Ballyhaunis Co. Mayo,IE*EGO0865,1,1,4,,,,
2660643,,Castleblaney,A75 KR28,Brackagh,N2 Hardware,"EasyGo(O) - N2 Hardware, Castleblaney, Co. Monaghan",IE*EGO0866,1,1,4,,,,
96752,,Adare,V94 E3PD,Golf Village,24,EasyGo - Adare Manor,IE*EGO0867,1,10,4,600,Adare Manor Golf Club,,
2614705,,Clontarf East,D03 EN88,Saint John's Wood,21,EasyGo(O) - Clontarf Castle (DC Charger),IE*EGO0868,1,1,4,,,,
2649858,,Tallaght,D24 HD35,Belgard Road Junction,Parking,EasyGo - Airton Road Apartment,IE*EGO0869,1,16,4,,,,
2607253,,Swords,K67W9E4,"Lakeview Drive, Airside Business Park",145,EasyGo - Mitie Facilities Management Limited,IE*EGO0870,1,4,4,,,,
2678748,,Bilberry,X91 A0HX,Water's Gate,4,"EasyGo(O) - Watersgate, Co. Waterford",IE*EGO0873,1,4,4,,,,
2693440,,Shinrone,1,Main Street,1,"EasyGo(O) - Shinrone, Co. Offaly",IE*EGO0875,1,1,4,,,,
2695180,,Tullamore,R35 CY80,High Street,19,EasyGo(O) - Tullamore Co. Offaly,IE*EGO0876,1,1,4,,,,
2696788,,Granard,N39 VH99,Tromra Road,29,EasyGo(O) - Granard Co. Longford,IE*EGO0877,1,2,4,,,,
2727022,Lidl Fleet IE - Full Lidl Charger Whitelist for Global Drivers,Clondalkin,1,Old Nangor Road,Lidl,EasyGo - Lidl Kilcarbery,IE*EGO0884,1,1,4,,,,
2727065,2727065: EasyGo - Advance Services,Eastpoint Business Park,D03 H2N1,Alfie Byrne Road,Block G,EasyGo - Advance Services,IE*EGO0885,1,4,4,5064,Advance,,
2729597,2729597: EasyGo - Killarney Park Hotel,Killarney,.,.,Park Hotel,EasyGo - Killarney Park Hotel,IE*EGO0888,1,2,4,,,,
2732538,,Borrisland South,E41 FE03,Bishop Quinlan Park,Borris-Ileigh GAA Cl,"EasyGo(O) - Borrisoleigh GAA Club, Borrisoleigh, Co. Tipperary",IE*EGO0889,1,1,4,,,,
2732709,Lidl Fleet IE - Full Lidl Charger Whitelist for Global Drivers,Ballysimon,V94 32H4,Towlerton,Lidl,EasyGo - Lidl Ballysimon,IE*EGO0890,1,4,4,,,,
2736284,Lidl Fleet IE - Full Lidl Charger Whitelist for Global Drivers,Moycullen,1,An Fuaran Road,Lidl,"EasyGo - Lidl, Moycullen",IE*EGO0891,1,1,4,,,,
2744311,,Fermoy,P61 FX24,Rathealy,Sanmina Sci Ireland,EasyGo - Sanmina Staff Private,IE*EGO0894,1,4,4,,,,
2750979,,Buncurrig,V92 VE86,Sandhills Road,Ballyheigue Communit,EasyGo(O) - Ballyheigue Community Centre,IE*EGO0895,1,1,4,,,,
2750981,2750981: EasyGo(O)- Horse & Hound Hotel,Ballinaboola,Y35 TW08,Foulksmills,Hotel,EasyGo(O)- Horse & Hound Hotel,IE*EGO0896,1,3,4,,,,
2750999,,Letterkenny,F92 RV10,Derry Road,Clanree Hotel,EasyGo(O) - Clanree Hotel,IE*EGO0898,1,2,4,,,,
2751687,,Rathdowney,R32 N4T1,The Square,R433,EasyGo(O) - Rathdowney,IE*EGO0899,1,1,4,,,,
2755301,,Ennis,V95 NX24,Tulla Road,T11 Motorway,EasyGo - CRJV Ennis,IE*EGO0900,1,1,4,,,,
2756861,,Bishopstown,T12 P928,Rossa Avenue,Campus,EasyGo - MTU Cork,IE*EGO0902,1,2,4,,,,
2771086,,Maynooth,W23 T6P9,Straffan Road,Maynooth Business Ca,"EasyGo(O) - Junction 7, M4, Maynooth Co. Kildare",IE*EGO0903,1,1,4,,,,
2785709,,Portumna,H53 Y038,Ennis Road,Golf Club,EasyGo(O) - Portumna Golf Club,IE*EGO0907,1,2,4,,,,
2785712,,Maynooth,',Business Campus,EasyGo Parking,"EasyGo(O) - H6, Maynooth Business Campus",IE*EGO0910,1,4,4,,,,
2789710,,Cloghan,F93 E304,Cloghan Beg,Lifford,EasyGo(O) - Cloghan Community Development,IE*EGO0911,1,1,4,,,,
2790681,Lidl Fleet IE - Full Lidl Charger Whitelist for Global Drivers,Carndonagh,F93 APY6,Station Road,Lidl,EasyGo - Lidl Carndonagh Co. Donegal,IE*EGO0912,1,1,4,,,,
2789755,,Dublin,D04 PK53,Ringsend Rd,Waterside Apartments,EasyGo - Waterside Apartments,IE*EGO0913,1,4,4,,,,
2791630,,Cappamore,V94 H2N4,Portnard,Limerick,EasyGo(O) - Cappamore Community Centre,IE*EGO0917,1,1,4,,,,
2795307,,Dough,V95 V4XK,Miltown Malbay,Bellbridge House Hot,EasyGo(O) - Bellbridge House Hotel,IE*EGO0919,1,3,4,,,,
2795315,,Kinnity,R42 CY50,Castletown And Glinsk,Kinnitty Castle Hote,EasyGo(O) - Kinnitty Castle Hotel,IE*EGO0920,1,3,4,,,,
2795839,,Tulfarris,W91 EE95,Blessington Lakes,Tulfarris Hotel And ,EasyGo(O) - Tulfarris Hotel & Golf Resort,IE*EGO0924,1,3,4,,,,
2799461,,Milford,F92X36F,Glenkeen,Milford Retail Park,EasyGo(O) - Milford Retail Park,IE*EGO0927,1,1,4,,,,
2799940,,Castlecomer,R95KD35,Ballyhimmin,Tirlan Country Life,"EasyGo(O) - Tirlan Country Life, Castlecomer Co. Kilkenny",IE*EGO0930,1,1,4,,,,
2800052,,Daingean,',Church Road,Offaly,EasyGo (O) - Church Road Daingean,IE*EGO0931,1,1,4,,,,
2840710,,Middleton,P25 WK13,Market Green,Shopping Centre,EasyGo(O) - Market Green Shopping Centre,IE*EGO0940,1,2,4,,,,
2853867,,University College Cork,T12 K8AF,College Road,General Office,EasyGo - UCC University Main Campus,IE*EGO0945,1,5,4,,,,
2874655,Lidl Fleet IE - Full Lidl Charger Whitelist for Global Drivers,Enfield,A83 Y004,Dublin Road,Lidl,"EasyGo - Lidl, Enfield",IE*EGO0948,1,1,4,,,,
2874656,Lidl Fleet IE - Full Lidl Charger Whitelist for Global Drivers,Claregalway,H91 RR8P,Lakeview,Lidl,"EasyGo - Lidl, Claregalway",IE*EGO0949,1,1,4,,,,
2880963,,Killarney,V93 N264,Muckross Rd,Randles Hotel,EasyGo(O) - Randles Hotel,IE*EGO0952,1,1,4,,,,
2888631,,University College Cork,T23 TK30,North Mall,Butler Building,EasyGo - UCC Enterprise,IE*EGO0961,1,2,4,,,,
2898503,,Douglas,T12 AKC8,Rochestown Rd,Rochestown Park Hote,EasyGo - Rochestown Park Hotel,IE*EGO0962,1,6,4,,,,
2917737,,Farranfore,V93 YWY0,Sherwood,Pub,EasyGo(O) - Sherwoods Farranfore  Pub,IE*EGO0964,1,1,4,,,,
2934465,,Claremorris,F12 XW26,Ballindine Road,Claremorris Retail C,EasyGo(O) - Aurivo Claremorris,IE*EGO0968,1,3,4,,,,
2935159,,Ballina,F26 X5P3,Rathnaconeen,Great National Hotel,EasyGo(O) - Great National Hotel Ballina,IE*EGO0971,1,3,4,,,,
2935481,,Diskin Enterprise Centre,N37 R7Y4,Leisure World,Planet Entertainment,EasyGo(O) - Planet Leisure Athlone,IE*EGO0973,1,1,4,,,,
2686307,2686307: EasyGo - Stratus House Blanchardstown,Blanchardstown,1,Blanchardstown Road South,Stratus House,EasyGo - Stratus House Blanchardstown,IE*EGO9391,1,4,4,,,,
